,brexit_constituency,area_code,region,region_code,eu_contribution_gbp,project_eu_contribution_gbp,project_total_cost_gbp,spending_per_voter,electorate,votes_cast,valid_votes,pct_turnout,remain,leave,pct_remain,pct_leave,rejected_ballots,pct_rejected,spending_percentile
0,Aberdeen City,S12000033,Scotland,S92000003,82337723.88,842709302.1700001,1084397028.85,5462.702748304877,154266,104809,104714,67.94,63985,40729,61.1,38.9,95,0.09,92.46231155778895
1,Aberdeenshire,S12000034,Scotland,S92000003,11777421.0,61394188.0,78263945.0,311.9480714804709,196809,139014,138961,70.63,76445,62516,55.01,44.99,53,0.04,40.95477386934673
2,Adur,E07000223,South East,E12000008,9967545.0,167271793.0,293604880.0,3430.864383140191,48755,37251,37229,76.4,16914,20315,45.43,54.57,22,0.06,86.68341708542714
3,Allerdale,E07000026,North West,E12000002,7125495.0,22285152.0,28124232.0,299.4269744444146,74426,54268,54238,72.92,22429,31809,41.35,58.65,30,0.06,39.447236180904525
4,Amber Valley,E07000032,East Midlands,E12000004,473958.0,7185703.0,10005727.0,74.26315626291856,96760,73864,73820,76.34,29319,44501,39.72,60.28,44,0.06,10.804020100502512
5,Angus,S12000041,Scotland,S92000003,2615790.0,18875994.0,20685015.0,216.624327208878,87137,59282,59258,68.03,32747,26511,55.26,44.74,24,0.04,30.65326633165829
6,Argyll and Bute,S12000035,Scotland,S92000003,14087203.0,38653492.0,56028049.0,580.0169862849256,66642,48734,48696,73.13,29494,19202,60.57,39.43,38,0.08,56.53266331658291
7,Arun,E07000224,South East,E12000008,2420497.0,11820661.0,15361425.0,100.9122658744387,117138,91199,91129,77.86,34193,56936,37.52,62.48,70,0.08,15.577889447236181
8,Ashfield,E07000170,East Midlands,E12000004,1769440.0,1805850.0,2527772.0,19.646742678097393,91916,66946,66899,72.83,20179,46720,30.16,69.84,47,0.07,2.0100502512562812
9,Ashford,E07000105,South East,E12000008,2509924.0,54183182.0,69600651.0,598.6033629413585,90516,69827,69786,77.14,28314,41472,40.57,59.43,41,0.06,57.03517587939699
10,Aylesbury Vale,E07000004,South East,E12000008,1550033.0,25924045.0,30295192.0,190.2891694498477,136235,106895,106833,78.46,52877,53956,49.5,50.5,62,0.06,26.381909547738694
11,Babergh,E07000200,East,E12000006,598550.0,3373689.0,3584678.0,47.76701874610636,70628,55272,55242,78.26,25309,29933,45.81,54.19,30,0.05,5.527638190954774
12,Barking and Dagenham,E09000002,London,E12000007,983354.0,18557001.0,18157654.0,160.23383587193038,115812,73941,73880,63.85,27750,46130,37.56,62.44,61,0.08,23.618090452261306
13,Barnet,E09000003,London,E12000007,13871348.0,317141348.0,349204299.0,1419.1864928602433,223467,161218,161033,72.14,100210,60823,62.23,37.77,185,0.11,74.62311557788945
14,Barnsley,E08000016,Yorkshire and The Humber,E12000003,4963323.0,16916728.0,24354141.0,96.22219567826448,175809,122972,122909,69.95,38951,83958,31.69,68.31,63,0.05,14.57286432160804
15,Barrow-in-Furness,E07000027,North West,E12000002,232304.0,2789529.0,1804745.0,52.440670000375974,53194,36101,36074,67.87,14207,21867,39.38,60.62,27,0.07,7.035175879396985
16,Basildon,E07000066,East,E12000006,2959160.0,40809800.0,63401498.0,307.3698322675885,132771,98062,97999,73.86,30748,67251,31.38,68.62,63,0.06,40.20100502512563
17,Basingstoke and Deane,E07000084,South East,E12000008,11250406.0,521124545.0,1010060914.0,4049.865515981877,128677,100395,100328,78.02,48257,52071,48.1,51.9,67,0.07,89.44723618090453
18,Bassetlaw,E07000171,East Midlands,E12000004,1794936.0,16310925.0,19649839.0,190.6662419488702,85547,64003,63967,74.82,20575,43392,32.17,67.83,36,0.06,26.633165829145728
19,Bath and North East Somerset,E06000022,South West,E12000009,49741841.0,430661324.0,535888576.0,3154.519593911604,136522,105300,105230,77.13,60878,44352,57.85,42.15,70,0.07,86.18090452261306
20,Bedford,E06000055,East,E12000006,9218257.0,64266069.0,85335746.0,537.6563958838785,119530,86135,86066,72.06,41497,44569,48.22,51.78,69,0.08,54.52261306532663
21,Belfast East,N06000001,Northern Ireland,N92000002,17552892.4,302945414.4,413212848.04,4698.722188789279,64474,42665,42646,66.17,20728,21918,48.6,51.4,19,0.04,91.20603015075378
22,Belfast North,N06000002,Northern Ireland,N92000002,22748786.32,53143246.32,62236818.64,762.544428628824,69692,39998,39972,57.39,20128,19844,50.36,49.64,26,0.07,63.81909547738694
23,Belfast South,N06000003,Northern Ireland,N92000002,137282409.07999998,879837666.43,1182653735.9699998,13198.092920166806,66664,44583,44556,66.88,30960,13596,69.49,30.51,27,0.06,97.73869346733669
24,Belfast West,N06000004,Northern Ireland,N92000002,12109268.99,40713756.34,51494038.72,637.3175389383717,63883,31209,31191,48.85,23099,8092,74.06,25.94,18,0.06,59.54773869346734
25,Bexley,E09000004,London,E12000007,1000001.0,25311637.0,29578699.0,148.2128189063058,170779,128570,128489,75.28,47603,80886,37.05,62.95,81,0.06,22.110552763819097
26,Birmingham,E08000025,West Midlands,E12000005,332433442.0,2052565952.82,2728382693.66,2902.002356618827,707293,451316,450702,63.81,223451,227251,49.58,50.42,614,0.14,85.42713567839196
27,Blaby,E07000129,East Midlands,E12000004,8576181.0,17947772.0,28307004.0,243.08933795644163,73832,56512,56471,76.54,22888,33583,40.53,59.47,41,0.07,33.165829145728644
28,Blackburn with Darwen,E06000008,North West,E12000002,1848337.0,11020168.0,13295724.0,110.07289471318558,100117,65408,65321,65.33,28522,36799,43.66,56.34,87,0.13,16.582914572864322
29,Blackpool,E06000009,North West,E12000002,0.0,934284.0,0.0,9.12796764171405,102354,66959,66927,65.42,21781,45146,32.54,67.46,32,0.05,0.7537688442211056
30,Blaenau Gwent,W06000019,Wales,W92000004,30192469.0,51428802.0,69452562.0,1005.7259464956196,51136,34812,34802,68.08,13215,21587,37.97,62.03,10,0.03,69.34673366834171
31,Bolsover,E07000033,East Midlands,E12000004,890080.0,12180267.0,15353683.0,209.77674250383203,58063,41999,41972,72.33,12242,29730,29.17,70.83,27,0.06,29.14572864321608
32,Bolton,E08000001,North West,E12000002,4637189.0,57431588.0,70417465.0,291.36968885236087,197109,138180,138080,70.1,57589,80491,41.71,58.29,100,0.07,38.69346733668342
33,Boston,E07000136,East Midlands,E12000004,486450.0,962331.0,1035000.0,24.44760307903361,39363,30416,30404,77.27,7430,22974,24.44,75.56,12,0.04,3.0150753768844223
34,Bournemouth,E06000028,South West,E12000009,413785.0,24403078.0,17254008.0,183.82456008195732,132752,91997,91926,69.3,41473,50453,45.12,54.88,71,0.08,25.87939698492462
35,Bracknell Forest,E06000036,South East,E12000008,20338750.0,316415886.0,467067847.0,3709.534643250721,85298,64922,64890,76.11,29888,35002,46.06,53.94,32,0.05,87.43718592964824
36,Bradford,E08000032,Yorkshire and The Humber,E12000003,20763986.0,221978983.6,275041262.99,647.5145153245027,342817,228727,228488,66.72,104575,123913,45.77,54.23,239,0.1,59.79899497487437
37,Braintree,E07000067,East,E12000006,851218.0,14458974.0,18379833.0,128.45342122563565,112562,86303,86236,76.67,33523,52713,38.87,61.13,67,0.08,19.849246231155778
38,Breckland,E07000143,East,E12000006,853870.0,7944253.0,10152295.0,80.2538968976351,98989,73593,73548,74.34,26313,47235,35.78,64.22,45,0.06,11.557788944723619
39,Brent,E09000005,London,E12000007,1635999.0,16461690.0,15755727.0,88.12798124126707,186793,121671,121404,65.14,72523,48881,59.74,40.26,267,0.22,13.316582914572864
40,Brentwood,E07000068,East,E12000006,375291.0,19893689.0,65722041.0,338.4604352042465,58777,46725,46704,79.5,19077,27627,40.85,59.15,21,0.04,42.96482412060301
41,Bridgend,W06000013,Wales,W92000004,17203398.0,103398019.0,133613563.0,989.5304808023579,104492,74378,74345,71.18,33723,40622,45.36,54.64,33,0.04,69.09547738693468
42,Brighton and Hove,E06000043,South East,E12000008,88569478.0,621064192.0,703534121.0,3132.0530326335274,198293,146829,146675,74.05,100648,46027,68.62,31.38,154,0.1,85.92964824120602
43,"Bristol, City of",E06000023,South West,E12000009,217084157.0,1978830199.29,2855947903.82,6332.9659299121495,312465,228646,228445,73.17,141027,87418,61.73,38.27,201,0.09,93.71859296482413
44,Broadland,E07000144,East,E12000006,783893.0,11657629.0,13844395.0,117.45248554214442,99254,77781,77737,78.37,35469,42268,45.63,54.37,44,0.06,18.09045226130653
45,Bromley,E09000006,London,E12000007,298539.0,8953745.0,5034180.0,38.68159569366622,231473,182570,182432,78.87,92398,90034,50.65,49.35,138,0.08,4.773869346733668
46,Bromsgrove,E07000234,West Midlands,E12000005,43156.0,2986473.0,2646636.0,40.265242011594985,74170,58855,58815,79.35,26252,32563,44.63,55.37,40,0.07,5.025125628140704
47,Broxbourne,E07000095,East,E12000006,1213225.0,6978190.0,8626095.0,101.13758569213154,68997,50907,50872,73.78,17166,33706,33.74,66.26,35,0.07,15.829145728643216
48,Broxtowe,E07000172,East Midlands,E12000004,3022648.0,57529356.0,69391197.0,688.2078164439606,83593,65468,65426,78.32,29672,35754,45.35,54.65,42,0.06,60.552763819095475
49,Burnley,E07000117,North West,E12000002,1136078.0,5054637.0,7242022.0,78.41387815888676,64461,43350,43316,67.25,14462,28854,33.39,66.61,34,0.08,11.306532663316583
50,Bury,E08000002,North West,E12000002,918451.0,15911410.0,18513775.0,112.36871468926552,141600,101144,101028,71.43,46354,54674,45.88,54.12,116,0.11,17.33668341708543
51,Caerphilly,W06000018,Wales,W92000004,52720643.0,71227125.0,110373143.0,544.5457221275067,130801,92525,92473,70.74,39178,53295,42.37,57.63,52,0.06,55.02512562814071
52,Calderdale,E08000033,Yorkshire and The Humber,E12000003,9465600.0,31866036.77,43201996.95,213.58649264385537,149195,106004,105925,71.05,46950,58975,44.32,55.68,79,0.07,30.150753768844222
53,Cambridge,E07000008,East,E12000006,789429819.0,4543201567.0,6259337829.0,56713.456421331204,80108,57852,57799,72.22,42682,15117,73.85,26.15,53,0.09,99.49748743718592
54,Camden,E09000007,London,E12000007,784782488.0,5164384199.01,6595021115.34,35512.3548152656,145425,95281,95133,65.52,71295,23838,74.94,25.06,148,0.16,98.99497487437186
55,Cannock Chase,E07000192,West Midlands,E12000005,128832.0,1608213.0,1501245.0,21.43998133582189,75010,53607,53578,71.47,16684,36894,31.14,68.86,29,0.05,2.2613065326633164
56,Canterbury,E07000106,South East,E12000008,25229480.0,222594549.0,282060312.0,2034.7036901617014,109399,82105,82048,75.05,40169,41879,48.96,51.04,57,0.07,81.65829145728644
57,Cardiff,W06000015,Wales,W92000004,955317057.0,1178142635.0,2174641311.0,4834.615575590199,243689,169745,169604,69.66,101788,67816,60.02,39.98,141,0.08,91.70854271356784
58,Carlisle,E07000028,North West,E12000002,8857793.0,30797968.0,45000321.0,384.3788128400978,80124,59721,59683,74.54,23788,35895,39.86,60.14,38,0.06,46.984924623115575
59,Carmarthenshire,W06000010,Wales,W92000004,13779579.0,25781243.0,28629192.0,185.17416162094997,139227,103126,103035,74.07,47654,55381,46.25,53.75,91,0.09,26.13065326633166
60,Castle Point,E07000069,East,E12000006,158953.0,949031.0,1243524.0,13.782036015103106,68860,51909,51845,75.38,14154,37691,27.3,72.7,64,0.12,1.7587939698492463
61,Central Bedfordshire,E06000056,East,E12000006,51103368.0,606335670.79,830093125.99,2972.175402394071,204004,158894,158804,77.89,69670,89134,43.87,56.13,90,0.06,85.678391959799
62,Ceredigion,W06000008,Wales,W92000004,77418436.0,247369398.3,315287205.49,4632.385735955057,53400,39772,39742,74.48,21711,18031,54.63,45.37,30,0.08,90.95477386934674
63,Charnwood,E07000130,East Midlands,E12000004,43628876.0,504217132.22,729855563.69,3769.0023338316637,133780,94257,94172,70.46,43500,50672,46.19,53.81,85,0.09,88.44221105527639
64,Chelmsford,E07000070,East,E12000006,16162212.0,59624123.0,73905963.0,458.74943641273836,129971,100852,100794,77.6,47545,53249,47.17,52.83,58,0.06,50.50251256281407
65,Cheltenham,E07000078,South West,E12000009,15756334.0,154759119.0,186772157.0,1777.6145072363886,87060,66057,66013,75.88,37081,28932,56.17,43.83,44,0.07,79.89949748743719
66,Cherwell,E07000177,South East,E12000008,13062590.0,371953985.0,426623538.0,3433.1467482601392,108342,81908,81836,75.6,40668,41168,49.69,50.31,72,0.09,86.93467336683418
67,Cheshire East,E06000049,North West,E12000002,20479325.0,272429541.0,406457549.0,952.6940798791428,285957,221229,221125,77.36,107962,113163,48.82,51.18,104,0.05,68.09045226130654
68,Cheshire West and Chester,E06000050,North West,E12000002,27851149.8,248156449.8,294664888.6,954.895950407499,259878,193633,193537,74.51,95455,98082,49.32,50.68,96,0.05,68.34170854271356
69,Chesterfield,E07000034,East Midlands,E12000004,15197871.0,93696187.0,125235283.0,1172.5947938176585,79905,57470,57424,71.92,22946,34478,39.96,60.04,46,0.08,71.85929648241206
70,Chichester,E07000225,South East,E12000008,5214304.0,32152724.0,39622924.0,350.7863275837616,91659,71407,71337,77.91,35011,36326,49.08,50.92,70,0.1,44.72361809045226
71,Chiltern,E07000005,South East,E12000008,5926304.0,95159916.0,202577875.0,1355.8440692455654,70185,58651,58604,83.57,32241,26363,55.02,44.98,47,0.08,73.86934673366834
72,Chorley,E07000118,North West,E12000002,5127214.0,9303563.0,13482008.0,110.54745184709894,84159,63560,63515,75.52,27417,36098,43.17,56.83,45,0.07,17.08542713567839
73,Christchurch,E07000048,South West,E12000009,2671249.0,40996831.0,50121587.0,1046.4782264651828,39176,31066,31050,79.3,12782,18268,41.17,58.83,16,0.05,70.35175879396985
74,City of Edinburgh,S12000036,Scotland,S92000003,509557711.96,3492326211.5200005,4742578723.03,10091.299267842334,346073,252481,252294,72.96,187796,64498,74.44,25.56,187,0.07,97.23618090452261
75,City of London,E09000001,London,E12000007,241310752.0,1623982079.0,2260045385.0,271251.39118089195,5987,4405,4399,73.58,3312,1087,75.29,24.71,6,0.14,100.0
76,Clackmannanshire,S12000005,Scotland,S92000003,586752.0,1286005.0,1466882.0,33.98443487222853,37841,25439,25427,67.23,14691,10736,57.78,42.22,12,0.05,3.7688442211055277
77,Colchester,E07000071,East,E12000006,22337221.0,198123457.0,243012369.0,1553.665754391468,127520,95782,95719,75.11,44414,51305,46.4,53.6,63,0.07,76.88442211055276
78,Conwy,W06000003,Wales,W92000004,24449335.0,45077108.0,49179323.0,493.3577182383329,91368,65554,65504,71.75,30147,35357,46.02,53.98,50,0.08,52.51256281407035
79,Copeland,E07000029,North West,E12000002,8077413.0,54957458.0,108410525.0,1013.8630040954877,54206,37975,37947,70.06,14419,23528,38.0,62.0,28,0.07,69.59798994974874
80,Corby,E07000150,East Midlands,E12000004,1129219.0,6822382.0,8050077.0,157.5134947937109,43313,32097,32081,74.1,11470,20611,35.75,64.25,16,0.05,23.366834170854272
81,Cornwall,E06000052,South West,E12000009,164503435.71,281791858.71000004,374182162.85,671.3246029469573,419755,323442,323205,77.05,140540,182665,43.48,56.52,237,0.07,60.050251256281406
82,Cotswold,E07000079,South West,E12000009,2994077.0,50719234.0,59878117.0,737.9060435883259,68734,54847,54821,79.8,28015,26806,51.1,48.9,26,0.05,62.311557788944725
83,County Durham,E06000047,North East,E12000001,136843890.0,507911810.0,611834905.33,1303.986346843574,389507,267546,267398,68.69,113521,153877,42.45,57.55,148,0.06,73.61809045226131
84,Coventry,E08000026,West Midlands,E12000005,708152064.44,1939392799.96,2807495092.09,8760.113645935435,221389,153234,153064,69.21,67967,85097,44.4,55.6,170,0.11,96.23115577889448
85,Craven,E07000163,Yorkshire and The Humber,E12000003,1118136.0,15943508.0,17181007.0,359.73619133574005,44320,35907,35891,81.02,16930,18961,47.17,52.83,16,0.04,45.7286432160804
86,Crawley,E07000226,South East,E12000008,1570449.0,119062327.0,270361048.0,1618.2443357118584,73575,53884,53835,73.24,22388,31447,41.59,58.41,49,0.09,78.14070351758794
87,Croydon,E09000008,London,E12000007,7108133.0,70827787.0,88086167.0,288.6817839078211,245349,171289,171134,69.81,92913,78221,54.29,45.71,155,0.09,38.44221105527638
88,Dacorum,E07000096,East,E12000006,3020626.0,59758988.0,63133413.0,548.4236956820997,108965,86307,86244,79.21,42542,43702,49.33,50.67,63,0.07,55.527638190954775
89,Darlington,E06000005,North East,E12000001,965910.0,4591888.0,4074685.0,59.12657412891762,77662,55195,55166,71.07,24172,30994,43.82,56.18,29,0.05,8.291457286432161
90,Dartford,E07000107,South East,E12000008,2490141.0,19608904.38,25206951.88,265.1607737555949,73951,55883,55855,75.57,19985,35870,35.78,64.22,28,0.05,35.175879396984925
91,Daventry,E07000151,East Midlands,E12000004,760693.0,15825777.0,19481756.0,259.4219559373156,61004,49420,49381,81.01,20443,28938,41.4,58.6,39,0.08,34.67336683417086
92,Denbighshire,W06000004,Wales,W92000004,23509879.0,76770541.0,77885247.0,1018.6903346514157,75362,52108,52072,69.14,23955,28117,46.0,54.0,36,0.07,69.84924623115577
93,Derby,E06000015,East Midlands,E12000004,10801859.0,94586168.0,128955709.0,552.3408897142124,171246,120772,120655,70.53,51612,69043,42.78,57.22,117,0.1,55.778894472361806
94,Derbyshire Dales,E07000035,East Midlands,E12000004,2260946.0,13744575.0,15455738.0,240.81603153745075,57075,46756,46728,81.92,22633,24095,48.44,51.56,28,0.06,32.663316582914575
95,Doncaster,E08000017,Yorkshire and The Humber,E12000003,5199523.0,43563675.0,52010083.0,200.35539846940654,217432,151246,151182,69.56,46922,104260,31.04,68.96,64,0.04,27.889447236180903
96,Dover,E07000108,South East,E12000008,1559779.0,17993269.0,27058472.0,211.65812659538182,85011,65057,65016,76.53,24606,40410,37.85,62.15,41,0.06,29.899497487437184
97,Dudley,E08000027,West Midlands,E12000005,35566363.0,63434752.0,74058528.0,259.4298614405601,244516,175333,175226,71.71,56780,118446,32.4,67.6,107,0.06,34.92462311557789
98,Dumfries and Galloway,S12000006,Scotland,S92000003,13345069.8,20152222.8,29526200.55,173.97051719226158,115837,82715,82667,71.41,43864,38803,53.06,46.94,48,0.06,25.12562814070352
99,Dundee City,S12000042,Scotland,S92000003,90500377.5,643516828.84,1095825274.83,6096.565064706217,105554,66418,66385,62.92,39688,26697,59.78,40.22,33,0.05,93.21608040201005
100,Ealing,E09000009,London,E12000007,3028219.0,85056792.0,111971761.0,399.3445356846064,212991,149268,149041,70.08,90024,59017,60.4,39.6,227,0.15,48.24120603015076
101,East Antrim,N06000005,Northern Ireland,N92000002,4626291.8,25244763.8,33470449.52,394.46792505898713,63997,41564,41545,64.95,18616,22929,44.81,55.19,19,0.05,47.73869346733668
102,East Ayrshire,S12000008,Scotland,S92000003,6351688.2,12107546.2,18908810.0,131.63667221153113,91977,57859,57833,62.91,33891,23942,58.6,41.4,26,0.04,20.100502512562816
103,East Cambridgeshire,E07000009,East,E12000006,9009012.0,88196203.53,137130657.56,1412.608369183951,62435,48124,48086,77.08,23599,24487,49.08,50.92,38,0.08,74.37185929648241
104,East Devon,E07000040,South West,E12000009,42966.0,1127205.0,61380.0,10.017195872990484,112527,88831,88783,78.94,40743,48040,45.89,54.11,48,0.05,1.256281407035176
105,East Dorset,E07000049,South West,E12000009,948441.0,8797155.0,11405473.0,122.24043298224159,71966,58530,58488,81.33,24786,33702,42.38,57.62,42,0.07,18.592964824120603
106,East Dunbartonshire,S12000045,Scotland,S92000003,7144311.4,21364579.4,27024493.0,257.3084679216196,83031,62418,62374,75.17,44534,17840,71.4,28.6,44,0.07,34.42211055276382
107,East Hampshire,E07000085,South East,E12000008,3630656.0,66078909.0,80617936.0,729.4443966088222,90588,73967,73922,81.65,37346,36576,50.52,49.48,45,0.06,61.80904522613066
108,East Hertfordshire,E07000242,East,E12000006,425475.0,9365604.0,6898783.0,88.13856578204405,106260,85433,85366,80.4,42372,42994,49.64,50.36,67,0.08,13.5678391959799
109,East Lindsey,E07000137,East Midlands,E12000004,6096894.0,12557578.0,18523287.0,117.35067143885094,107009,80178,80128,74.93,23515,56613,29.35,70.65,50,0.06,17.839195979899497
110,East Londonderry,N06000006,Northern Ireland,N92000002,26243409.24,253535048.24,300129549.6,3731.0353956411045,67953,40563,40553,59.69,21098,19455,52.03,47.97,10,0.02,88.19095477386935
111,East Lothian,S12000010,Scotland,S92000003,4193772.4,29626421.4,36565590.47,380.8610762585489,77788,55800,55764,71.73,36026,19738,64.6,35.4,36,0.06,46.733668341708544
112,East Northamptonshire,E07000152,East Midlands,E12000004,364380.0,2396466.0,2194111.0,35.069892001053645,68334,52607,52574,76.99,21680,30894,41.24,58.76,33,0.06,4.271356783919598
113,East Renfrewshire,S12000011,Scotland,S92000003,571530.0,5901912.0,8177447.0,84.8280560546173,69575,52969,52941,76.13,39345,13596,74.32,25.68,28,0.05,12.56281407035176
114,East Riding of Yorkshire,E06000011,Yorkshire and The Humber,E12000003,12683639.0,61870121.0,81591395.97,232.553349596124,266047,199036,198915,74.81,78779,120136,39.6,60.4,121,0.06,31.65829145728643
115,East Staffordshire,E07000193,West Midlands,E12000005,54760.0,1902351.0,1854785.0,22.76683261925848,83558,62161,62116,74.39,22850,39266,36.79,63.21,45,0.07,2.763819095477387
116,Eastbourne,E07000061,South East,E12000008,280043.0,14596764.0,1140584.0,203.50729163762088,71726,53598,53545,74.73,22845,30700,42.67,57.33,53,0.1,28.391959798994975
117,Eastleigh,E07000086,South East,E12000008,5843196.0,46075915.34,65303540.24,473.6422218338816,97280,76148,76074,78.28,36172,39902,47.55,52.45,74,0.1,51.256281407035175
118,Eden,E07000030,North West,E12000002,909741.0,2330633.0,3119232.0,55.66089510890333,41872,31746,31718,75.82,14807,16911,46.68,53.32,28,0.09,7.5376884422110555
119,Elmbridge,E07000207,South East,E12000008,14867864.0,189158100.0,325718744.0,1918.186243193088,98613,77058,77003,78.14,45841,31162,59.53,40.47,55,0.07,80.65326633165829
120,Enfield,E09000010,London,E12000007,18169437.0,288068901.0,359672028.0,1452.055331246503,198387,137056,136906,69.09,76425,60481,55.82,44.18,150,0.11,75.37688442211055
121,Epping Forest,E07000072,East,E12000006,0.0,518005.0,0.0,5.179221324588067,100016,76900,76852,76.89,28676,48176,37.31,62.69,48,0.06,0.25125628140703515
122,Epsom and Ewell,E07000208,South East,E12000008,685316.0,15768665.0,24247938.0,279.6755170089745,56382,45343,45303,80.42,23596,21707,52.08,47.92,40,0.09,37.185929648241206
123,Erewash,E07000036,East Midlands,E12000004,1193029.0,8478736.0,9723433.0,96.79364354536736,87596,66566,66530,75.99,25791,40739,38.77,61.23,36,0.05,14.824120603015075
124,Exeter,E07000041,South West,E12000009,174106415.0,1275895335.0,1681996877.0,14764.402085237858,86417,63867,63803,73.91,35270,28533,55.28,44.72,64,0.1,98.49246231155779
125,Falkirk,S12000014,Scotland,S92000003,3057967.0,5918405.0,11273473.0,50.41574383262914,117392,79302,79258,67.55,44987,34271,56.76,43.24,44,0.06,6.78391959798995
126,Fareham,E07000087,South East,E12000008,900610.0,27891303.0,36855299.0,309.30194621569166,90175,71772,71735,79.59,32210,39525,44.9,55.1,37,0.05,40.45226130653266
127,Fenland,E07000010,East,E12000006,2435699.0,6276407.0,8638022.0,87.84703346536594,71447,52649,52626,73.69,15055,37571,28.61,71.39,23,0.04,13.06532663316583
128,Fermanagh and South Tyrone,N06000007,Northern Ireland,N92000002,3975909.0,19358710.0,18575467.0,272.4621750573532,71051,48187,48158,67.82,28200,19958,58.56,41.44,29,0.06,35.92964824120603
129,Fife,S12000015,Scotland,S92000003,81808999.26,495874784.6,614326894.1899999,1816.4244202274767,272995,182307,182220,66.78,106754,75466,58.59,41.41,87,0.05,80.40201005025126
130,Flintshire,W06000005,Wales,W92000004,4601841.0,29139017.0,31949925.0,251.27640474630056,115964,86854,86797,74.9,37867,48930,43.63,56.37,57,0.07,33.66834170854271
131,Forest Heath,E07000201,East,E12000006,1377957.0,34031122.0,39401159.0,883.3057855529887,38527,27977,27951,72.62,9791,18160,35.03,64.97,26,0.09,67.33668341708542
132,Forest of Dean,E07000080,South West,E12000009,1545909.0,11059569.0,8828391.0,165.79820103440522,66705,51677,51643,77.47,21392,30251,41.42,58.58,34,0.07,24.623115577889447
133,Foyle,N06000008,Northern Ireland,N92000002,11461443.8,152625624.8,55018355.96,2129.352857960015,71677,40987,40969,57.18,32064,8905,78.26,21.74,18,0.04,81.90954773869346
134,Fylde,E07000119,North West,E12000002,83492.0,3222328.0,2853421.0,52.67479648216561,61174,46227,46206,75.57,19889,26317,43.04,56.96,21,0.05,7.28643216080402
135,Gateshead,E08000037,North East,E12000001,14784124.0,47898103.0,77597484.0,328.3705798472571,145866,103007,102958,70.62,44429,58529,43.15,56.85,49,0.05,42.21105527638191
136,Gedling,E07000173,East Midlands,E12000004,135656.0,12632743.0,612972.0,143.0694126707287,88298,67635,67577,76.6,30035,37542,44.45,55.55,58,0.09,21.85929648241206
137,Glasgow City,S12000046,Scotland,S92000003,395842167.97000015,2545275176.07,3560906023.8599977,5658.6065460887585,449806,253000,252809,56.25,168335,84474,66.59,33.41,191,0.08,92.71356783919597
138,Gloucester,E07000081,South West,E12000009,830224.0,30995889.0,42947683.0,345.70090674875365,89661,64606,64577,72.06,26801,37776,41.5,58.5,29,0.04,44.472361809045225
139,Gosport,E07000088,South East,E12000008,1966160.0,12165998.0,14460795.0,193.78471193513963,62781,46150,46127,73.51,16671,29456,36.14,63.86,23,0.05,27.1356783919598
140,Gravesham,E07000109,South East,E12000008,880234.0,10399235.0,10826482.0,142.83093890781234,72808,54553,54519,74.93,18876,35643,34.62,65.38,34,0.06,21.608040201005025
141,Great Yarmouth,E07000145,East,E12000006,4010254.0,12577383.0,18476842.0,173.1610953547925,72634,50158,50128,69.06,14284,35844,28.5,71.5,30,0.06,24.87437185929648
142,Greenwich,E09000011,London,E12000007,13765631.0,184145292.64,203960401.72000003,1089.829923239449,168967,117470,117365,69.52,65248,52117,55.59,44.41,105,0.09,71.10552763819095
143,Guildford,E07000209,South East,E12000008,111277364.0,1256609121.0,1699162690.0,12294.50558170024,102209,78657,78613,76.96,44155,34458,56.17,43.83,44,0.06,97.48743718592965
144,Gwynedd,W06000002,Wales,W92000004,99057884.0,323849921.0,418876979.0,3829.14479456104,84575,61245,61182,72.42,35517,25665,58.05,41.95,63,0.1,88.69346733668341
145,Hackney,E09000012,London,E12000007,35109236.0,264888568.0,301600390.0,1622.256730604346,163284,106422,106266,65.18,83398,22868,78.48,21.52,156,0.15,78.39195979899498
146,Halton,E06000006,North West,E12000002,141577714.0,206925899.0,350393733.0,2171.561240017211,95289,65047,65005,68.26,27678,37327,42.58,57.42,42,0.06,82.41206030150754
147,Hambleton,E07000164,Yorkshire and The Humber,E12000003,3093017.0,27935913.0,34296808.0,398.3276488956697,70133,55016,54982,78.45,25480,29502,46.34,53.66,34,0.06,47.98994974874372
148,Hammersmith and Fulham,E09000013,London,E12000007,18171577.0,256083204.0,291188382.0,2229.4664426316567,114863,80347,80242,69.95,56188,24054,70.02,29.98,105,0.13,83.16582914572864
149,Harborough,E07000131,East Midlands,E12000004,3831988.0,42018269.0,55066587.0,623.2315188371404,67420,54910,54878,81.44,27028,27850,49.25,50.75,32,0.06,58.79396984924623
150,Haringey,E09000014,London,E12000007,1941826.0,36775158.0,35761870.0,245.00764833642017,150098,106032,105846,70.64,79991,25855,75.57,24.43,186,0.18,33.41708542713568
151,Harlow,E07000073,East,E12000006,877458.0,19352513.0,21914046.0,327.3207665245924,59124,43489,43469,73.56,13867,29602,31.9,68.1,20,0.05,41.959798994974875
152,Harrogate,E07000165,Yorkshire and The Humber,E12000003,5927109.0,40694536.0,36252421.0,339.1578754365056,119987,94653,94585,78.89,48211,46374,50.97,49.03,68,0.07,43.21608040201005
153,Harrow,E09000015,London,E12000007,1850875.0,123920482.0,186582423.0,763.0712513162189,162397,117352,117225,72.26,64042,53183,54.63,45.37,127,0.11,64.07035175879398
154,Hart,E07000089,South East,E12000008,6501934.0,59178922.0,128121736.0,846.065850799188,69946,57827,57795,82.67,30282,27513,52.4,47.6,32,0.06,66.08040201005025
155,Hartlepool,E06000001,North East,E12000001,14469762.0,14798752.0,19293016.0,210.3858631523578,70341,46134,46100,65.59,14029,32071,30.43,69.57,34,0.07,29.396984924623116
156,Hastings,E07000062,South East,E12000008,5153331.0,25391727.0,28092073.0,409.8282195716384,61957,44387,44350,71.64,20011,24339,45.12,54.88,37,0.08,48.49246231155779
157,Havant,E07000090,South East,E12000008,9251109.0,91427174.0,124921379.0,958.6977958601598,95366,70670,70629,74.1,26582,44047,37.64,62.36,41,0.06,68.84422110552764
158,Havering,E09000016,London,E12000007,3534128.0,110511899.0,234520465.0,603.6196840759878,183082,139175,139086,76.02,42201,96885,30.34,69.66,89,0.06,57.537688442211056
159,"Herefordshire, County of",E06000019,West Midlands,E12000005,10083518.0,46604389.0,63967638.0,337.1095864648058,138247,108336,108270,78.36,44148,64122,40.78,59.22,66,0.06,42.71356783919598
160,Hertsmere,E07000098,East,E12000006,4532563.0,87741779.0,123563609.0,1197.1045637492325,73295,56159,56125,76.62,27593,28532,49.16,50.84,34,0.06,72.36180904522612
161,High Peak,E07000037,East Midlands,E12000004,21779469.0,54416013.0,73100842.0,750.7003048822548,72487,54864,54833,75.69,27116,27717,49.45,50.55,31,0.06,63.06532663316583
162,Highland,S12000017,Scotland,S92000003,82994946.52,154639441.10000002,249720399.98,880.8202246487018,175563,125728,125657,71.61,70308,55349,55.95,44.05,71,0.06,67.08542713567839
163,Hillingdon,E09000017,London,E12000007,69169837.0,880648114.0,1319392645.0,4562.163536804588,193033,133170,133022,68.99,58040,74982,43.63,56.37,148,0.11,90.7035175879397
164,Hinckley and Bosworth,E07000132,East Midlands,E12000004,3298345.0,36026515.0,50202363.0,422.3259480686947,85305,65516,65470,76.8,25969,39501,39.67,60.33,46,0.07,48.994974874371856
165,Horsham,E07000227,South East,E12000008,5482335.5,77027091.5,111205403.0,738.7272609571304,104270,85132,85088,81.65,43785,41303,51.46,48.54,44,0.05,62.562814070351756
166,Hounslow,E09000018,London,E12000007,5073429.0,777579596.0,1303643034.0,4711.175983035444,165050,115208,115076,69.8,58755,56321,51.06,48.94,132,0.11,91.4572864321608
167,Huntingdonshire,E07000011,East,E12000006,7846732.0,252293659.98,301208284.96,1963.588717681304,128486,99990,99927,77.82,45729,54198,45.76,54.24,63,0.06,81.4070351758794
168,Hyndburn,E07000120,North West,E12000002,1154200.0,1816085.0,1990000.0,29.271864221011572,62042,40168,40137,64.74,13569,26568,33.81,66.19,31,0.08,3.2663316582914574
169,Inverclyde,S12000018,Scotland,S92000003,1890626.0,14981565.0,23129840.0,255.55344227620085,58624,38722,38698,66.05,24688,14010,63.8,36.2,24,0.06,34.17085427135678
170,Ipswich,E07000202,East,E12000006,6022487.0,8988966.0,14455775.0,98.16067879529123,91574,66400,66353,72.51,27698,38655,41.74,58.26,47,0.07,15.075376884422111
171,Isle of Anglesey,W06000001,Wales,W92000004,29410655.2,83820867.2,114373623.4,1629.3297152298571,51445,37978,37951,73.82,18618,19333,49.06,50.94,27,0.07,78.64321608040201
172,Isle of Wight,E06000046,South East,E12000008,8437266.0,135224259.0,196218759.0,1231.0573085466665,109844,79430,79380,72.31,30207,49173,38.05,61.95,50,0.06,72.61306532663316
173,Isles of Scilly,E06000053,South West,E12000009,2147729.0,9802971.0,12650140.0,5449.122290161201,1799,1424,1424,79.16,803,621,56.39,43.61,0,0.0,92.21105527638191
174,Islington,E09000019,London,E12000007,89687095.0,970608955.0,1208943609.0,6716.366269011999,144514,101723,101600,70.39,76420,25180,75.22,24.78,123,0.12,93.96984924623115
175,Kensington and Chelsea,E09000020,London,E12000007,38146616.0,452134685.0,600042944.0,5444.650718913321,83042,54801,54739,65.99,37601,17138,68.69,31.31,62,0.11,91.95979899497488
176,Kettering,E07000153,East Midlands,E12000004,489555.0,11472098.0,15450565.0,162.5633838741675,70570,53940,53907,76.43,21030,32877,39.01,60.99,33,0.06,24.12060301507538
177,King's Lynn and West Norfolk,E07000146,East,E12000006,17719221.0,32265166.0,45699453.0,283.31605844543566,113884,85128,85080,74.75,28587,56493,33.6,66.4,48,0.06,37.93969849246231
178,"Kingston upon Hull, City of",E06000010,Yorkshire and The Humber,E12000003,51720472.0,310194607.0,405069120.0,1721.1041835432502,180230,113436,113355,62.94,36709,76646,32.38,67.62,81,0.07,79.39698492462311
179,Kingston upon Thames,E09000021,London,E12000007,11351185.0,135297879.0,180775569.0,1243.1125066612765,108838,85330,85270,78.4,52533,32737,61.61,38.39,60,0.07,72.8643216080402
180,Kirklees,E08000034,Yorkshire and The Humber,E12000003,18704371.0,217808842.0,299913351.0,709.2879142636632,307081,217428,217240,70.8,98485,118755,45.33,54.67,188,0.09,61.55778894472362
181,Knowsley,E08000011,North West,E12000002,857387.0,8091349.0,7120406.0,72.47260562307989,111647,70937,70903,63.54,34345,36558,48.44,51.56,34,0.05,10.301507537688442
182,Lagan Valley,N06000009,Northern Ireland,N92000002,3989953.8,20748751.47,20035221.36,283.8833678118458,73089,48425,48414,66.25,22710,25704,46.91,53.09,11,0.02,38.19095477386934
183,Lambeth,E09000022,London,E12000007,13340800.0,382883074.0,590029559.0,1816.3333681214426,210800,142162,141924,67.44,111584,30340,78.62,21.38,238,0.17,80.15075376884423
184,Lancaster,E07000121,North West,E12000002,72060116.0,773632523.0,1002679804.0,7692.707578032556,100567,73098,73041,72.69,35732,37309,48.92,51.08,57,0.08,94.9748743718593
185,Leeds,E08000035,Yorkshire and The Humber,E12000003,265379004.65,2196670266.65,3093404194.0,4045.1874317951215,543033,387677,387337,71.39,194863,192474,50.31,49.69,340,0.09,89.19597989949749
186,Leicester,E06000016,East Midlands,E12000004,72308862.0,780906613.37,1016250377.95,3652.1853220247026,213819,139307,138972,65.15,70980,67992,51.08,48.92,335,0.24,87.1859296482412
187,Lewes,E07000063,South East,E12000008,484602.0,14775711.0,38973628.0,193.32850525985242,76428,59531,59482,77.89,30974,28508,52.07,47.93,49,0.08,26.884422110552762
188,Lewisham,E09000023,London,E12000007,27093356.0,94830024.0,104557974.0,480.11798657310374,197514,124637,124473,63.1,86955,37518,69.86,30.14,164,0.13,51.50753768844221
189,Lichfield,E07000194,West Midlands,E12000005,1296658.0,23509519.0,32248596.0,292.51974019833517,80369,63318,63278,78.78,26064,37214,41.19,58.81,40,0.06,39.19597989949749
190,Lincoln,E07000138,East Midlands,E12000004,26566207.0,168411062.01,201132573.36,2658.380483496709,63351,43928,43894,69.34,18902,24992,43.06,56.94,34,0.08,84.67336683417085
191,Liverpool,E08000012,North West,E12000002,202131796.12,1428077653.62,1946620417.02,4491.883763478064,317924,203728,203554,64.08,118453,85101,58.19,41.81,174,0.09,90.45226130653266
192,Luton,E06000032,East,E12000006,13873954.0,106744745.09,143934310.95,836.4788976742,127612,84616,84481,66.31,36708,47773,43.45,56.55,135,0.16,65.82914572864321
193,Maidstone,E07000110,South East,E12000008,11819340.0,19239946.61,30846007.68,164.0262119558731,117298,89173,89127,76.02,36762,52365,41.25,58.75,46,0.05,24.371859296482413
194,Maldon,E07000074,East,E12000006,4530447.0,10384732.0,16832714.0,211.6180384325393,49073,38850,38831,79.17,14529,24302,37.42,62.58,19,0.05,29.64824120603015
195,Malvern Hills,E07000235,West Midlands,E12000005,4756180.0,77337442.0,95565529.0,1284.3124366873144,60217,48538,48497,80.61,23203,25294,47.84,52.16,41,0.08,73.11557788944724
196,Manchester,E08000003,North West,E12000002,387458702.0,2873216587.61,4011565863.68,8499.031507673104,338064,202067,201814,59.77,121823,79991,60.36,39.64,253,0.13,95.7286432160804
197,Mansfield,E07000174,East Midlands,E12000004,32156.0,2688480.0,1167188.0,34.63464907760486,77624,56370,56344,72.62,16417,39927,29.14,70.86,26,0.05,4.0201005025125625
198,Medway,E06000035,South East,E12000008,3967409.0,23789541.0,25520404.0,123.56662545968297,192524,138973,138886,72.18,49889,88997,35.92,64.08,87,0.06,18.844221105527637
199,Melton,E07000133,East Midlands,E12000004,16348607.0,138670851.0,194242559.99,3720.4102433396833,37273,30327,30305,81.36,12695,17610,41.89,58.11,22,0.07,87.93969849246231
200,Mendip,E07000187,South West,E12000009,477326.0,5805869.0,8069324.0,68.2497413833639,85068,65509,65455,77.01,33427,32028,51.07,48.93,54,0.08,9.296482412060302
201,Merthyr Tydfil,W06000024,Wales,W92000004,159677.0,3924816.67,2388609.44,91.58363481507408,42855,28881,28865,67.39,12574,16291,43.56,56.44,16,0.06,14.07035175879397
202,Merton,E09000024,London,E12000007,82119.0,6870285.0,3549235.0,50.3863896385825,136352,100207,100100,73.49,63003,37097,62.94,37.06,107,0.11,6.532663316582915
203,Mid Devon,E07000042,South West,E12000009,248428.0,3712315.0,3685025.0,61.32814048767593,60532,48049,48006,79.38,22400,25606,46.66,53.34,43,0.09,8.542713567839195
204,Mid Suffolk,E07000203,East,E12000006,886274.0,11136499.0,16829253.0,142.1831982125758,78325,61222,61185,78.16,27391,33794,44.77,55.23,37,0.06,20.85427135678392
205,Mid Sussex,E07000228,South East,E12000008,874518.0,36181047.0,53578099.0,333.7242381198347,108416,87588,87528,80.79,46471,41057,53.09,46.91,60,0.07,42.462311557788944
206,Mid Ulster,N06000010,Northern Ireland,N92000002,14627790.7,34870948.03,49416200.95,505.91129789487434,68927,42431,42411,61.56,25612,16799,60.39,39.61,20,0.05,53.015075376884425
207,Middlesbrough,E06000002,North East,E12000001,10714856.0,70454180.00999999,91670757.34,744.6643133006382,94612,61393,61358,64.89,21181,40177,34.52,65.48,35,0.06,62.814070351758794
208,Midlothian,S12000019,Scotland,S92000003,15195411.0,162004415.0,218184975.0,2426.7415890230386,66758,45497,45468,68.15,28217,17251,62.06,37.94,29,0.06,83.91959798994975
209,Milton Keynes,E06000042,South East,E12000008,44060940.0,416978682.47,508041805.83,2353.006768597886,177211,130534,130456,73.66,63393,67063,48.59,51.41,78,0.06,83.41708542713567
210,Mole Valley,E07000210,South East,E12000008,4388792.0,45421339.0,62874638.0,680.6734452270342,66730,54829,54796,82.17,29088,25708,53.08,46.92,33,0.06,60.301507537688444
211,Monmouthshire,W06000021,Wales,W92000004,4387983.0,43566764.0,54813731.0,608.4148756406497,71607,55670,55630,77.74,28061,27569,50.44,49.56,40,0.07,57.78894472361809
212,Moray,S12000020,Scotland,S92000003,3801343.92,14056660.92,17067149.85,196.95475577973937,71370,48139,48106,67.45,24114,23992,50.13,49.87,33,0.07,27.63819095477387
213,Na h-Eileanan Siar,S12000013,Scotland,S92000003,16104223.0,18969846.0,34495387.0,892.3207112281857,21259,14919,14903,70.18,8232,6671,55.24,44.76,16,0.11,67.8391959798995
214,Neath Port Talbot,W06000012,Wales,W92000004,145879063.0,151479038.0,273257004.0,1432.2091976627648,105766,75694,75652,71.57,32651,43001,43.16,56.84,42,0.06,74.87437185929649
215,New Forest,E07000091,South East,E12000008,12172437.0,78899302.0,102024168.0,559.3275391497295,141061,111786,111740,79.25,47199,64541,42.24,57.76,46,0.04,56.28140703517588
216,Newark and Sherwood,E07000175,East Midlands,E12000004,1276729.0,13272126.0,14797929.0,151.96278824795618,87338,67128,67087,76.86,26571,40516,39.61,60.39,41,0.06,23.115577889447238
217,Newcastle upon Tyne,E08000021,North East,E12000001,231584322.0,1483878193.0,2132671040.0,7779.789723962566,190735,129072,129003,67.67,65405,63598,50.7,49.3,69,0.05,95.22613065326634
218,Newcastle-under-Lyme,E07000195,West Midlands,E12000005,39337329.0,145161348.0,186887686.0,1563.9690139631098,92816,68966,68934,74.3,25477,43457,36.96,63.04,32,0.05,77.1356783919598
219,Newham,E09000025,London,E12000007,7892871.0,125143065.0,155034345.0,707.0828883803713,176985,104864,104699,59.25,55328,49371,52.84,47.16,165,0.16,61.30653266331658
220,Newport,W06000022,Wales,W92000004,19807471.0,204280792.0,393869967.0,1945.9576097621384,104977,73708,73649,70.21,32413,41236,44.01,55.99,59,0.08,80.90452261306532
221,Newry and Armagh,N06000011,Northern Ireland,N92000002,7336708.6400000015,19238486.64,22871459.08,242.8764520079282,79211,50644,50622,63.94,31963,18659,63.14,36.86,22,0.04,32.914572864321606
222,North Antrim,N06000012,Northern Ireland,N92000002,4541755.68,26577612.68,75183630.72,345.55423244445024,76913,49740,49720,64.67,18782,30938,37.78,62.22,20,0.04,44.221105527638194
223,North Ayrshire,S12000021,Scotland,S92000003,8176663.92,15844475.92,25593592.0,151.51738438587768,104572,67548,67504,64.59,38394,29110,56.88,43.12,44,0.07,22.613065326633166
224,North Devon,E07000043,South West,E12000009,4732391.0,14828608.0,16534528.0,196.28061629692382,75548,58056,58031,76.85,24931,33100,42.96,57.04,25,0.04,27.386934673366834
225,North Dorset,E07000050,South West,E12000009,114281.0,2545225.0,2549099.0,48.041241978104935,52980,42228,42201,79.71,18399,23802,43.6,56.4,27,0.06,5.778894472361809
226,North Down,N06000013,Northern Ireland,N92000002,1105897.0,8339232.0,4698321.0,127.00627474870545,65660,44211,44177,67.33,23131,21046,52.36,47.64,34,0.08,19.597989949748744
227,North East Derbyshire,E07000038,East Midlands,E12000004,931634.0,5906263.0,7222983.0,74.90029801534463,78855,59341,59310,75.25,22075,37235,37.22,62.78,31,0.05,11.055276381909549
228,North East Lincolnshire,E06000012,Yorkshire and The Humber,E12000003,8831575.0,13967907.0,21213901.0,120.10031641760244,116302,79011,78982,67.94,23797,55185,30.13,69.87,29,0.04,18.34170854271357
229,North Hertfordshire,E07000099,East,E12000006,5701754.0,151534732.0,219567945.0,1525.7836803737564,99316,77737,77672,78.27,42234,35438,54.37,45.63,65,0.08,76.38190954773869
230,North Kesteven,E07000139,East Midlands,E12000004,0.0,995736.0,0.0,11.515658972105285,86468,67791,67753,78.4,25570,42183,37.74,62.26,38,0.06,1.5075376884422111
231,North Lanarkshire,S12000044,Scotland,S92000003,24918864.27,222234359.27,419058819.32,872.9896619357575,254567,155045,154949,60.91,95549,59400,61.66,38.34,96,0.06,66.83417085427136
232,North Lincolnshire,E06000013,Yorkshire and The Humber,E12000003,7203707.0,7956540.0,14214042.0,64.36757246523368,123611,88906,88862,71.92,29947,58915,33.7,66.3,44,0.05,9.045226130653266
233,North Norfolk,E07000147,East,E12000006,6400354.0,6680780.0,11175509.0,80.4283392523927,83065,63829,63790,76.84,26214,37576,41.09,58.91,39,0.06,11.809045226130653
234,North Somerset,E06000024,South West,E12000009,14268775.0,94142550.0,277325181.0,585.2452443118241,160860,124622,124548,77.47,59572,64976,47.83,52.17,74,0.06,56.78391959798995
235,North Tyneside,E08000022,North East,E12000001,7842018.0,53349102.0,60512348.0,339.81834858879057,156993,113507,113462,72.3,52873,60589,46.6,53.4,45,0.04,43.46733668341709
236,North Warwickshire,E07000218,West Midlands,E12000005,724534.0,17468914.0,19429396.0,350.85185780277163,49790,37975,37954,76.27,12569,25385,33.12,66.88,21,0.06,44.97487437185929
237,North West Leicestershire,E07000134,East Midlands,E12000004,2736415.0,32241642.0,44663790.0,436.02783187276856,73944,57638,57611,77.95,22642,34969,39.3,60.7,27,0.05,49.74874371859296
238,Northampton,E07000154,East Midlands,E12000004,4623868.0,53940626.0,57651910.0,372.1377735463752,144948,105354,105259,72.68,43805,61454,41.62,58.38,95,0.09,46.231155778894475
239,Northumberland,E06000057,North East,E12000001,29758746.0,189884125.0,258755048.0,789.5521131328587,240496,178815,178721,74.35,82022,96699,45.89,54.11,94,0.05,65.32663316582915
240,Norwich,E07000148,East,E12000006,51002769.6,377803996.6,457984584.2,3931.7313442465997,96091,66422,66366,69.12,37326,29040,56.24,43.76,56,0.08,88.94472361809045
241,Nottingham,E06000018,East Midlands,E12000004,200777284.0,1675729447.22,2239334844.69,8576.156111344259,195394,120791,120661,61.82,59318,61343,49.16,50.84,130,0.11,95.97989949748744
242,Nuneaton and Bedworth,E07000219,West Midlands,E12000005,692792.0,12590864.0,15902618.0,133.97671795526614,93978,69876,69831,74.35,23736,46095,33.99,66.01,45,0.06,20.35175879396985
243,Oadby and Wigston,E07000135,East Midlands,E12000004,776253.0,20592952.0,38672717.0,482.4513166526099,42684,31489,31465,73.77,14292,17173,45.42,54.58,24,0.08,52.01005025125628
244,Oldham,E08000004,North West,E12000002,1014089.0,16406078.0,20882058.0,103.78076212646441,158084,107493,107403,68.0,42034,65369,39.14,60.86,90,0.08,16.08040201005025
245,Orkney Islands,S12000023,Scotland,S92000003,71378141.7,220105617.28,402185641.29,13213.207904910552,16658,11402,11382,68.45,7189,4193,63.16,36.84,20,0.18,97.98994974874371
246,Oxford,E07000178,South East,E12000008,666538026.0,3750553734.0,5054228694.0,38534.010068734526,97331,70411,70337,72.34,49424,20913,70.27,29.73,74,0.11,99.2462311557789
247,Pembrokeshire,W06000009,Wales,W92000004,23162901.0,34738804.0,50480580.0,376.9605989908306,92155,68555,68522,74.39,29367,39155,42.86,57.14,33,0.05,46.482412060301506
248,Pendle,E07000122,North West,E12000002,111619.0,3155513.0,3385126.0,48.89690705674529,64534,45388,45335,70.33,16704,28631,36.85,63.15,53,0.12,6.030150753768845
249,Perth and Kinross,S12000024,Scotland,S92000003,30272331.0,315813367.0,403428053.0,2865.1960280882568,110224,81294,81255,73.75,49641,31614,61.09,38.91,39,0.05,85.17587939698493
250,Peterborough,E06000031,East,E12000006,5309978.0,56614348.0,86778057.0,468.3051649406082,120892,87469,87392,72.35,34176,53216,39.11,60.89,77,0.09,51.005025125628144
251,Plymouth,E06000026,South West,E12000009,65087119.0,788934828.0699999,892283713.13,4219.151009257229,186989,133523,133455,71.41,53458,79997,40.06,59.94,68,0.05,89.94974874371859
252,Poole,E06000029,South West,E12000009,15686156.0,61611969.0,79814662.0,543.2148279419155,113421,85493,85448,75.38,35741,49707,41.83,58.17,45,0.05,54.77386934673367
253,Portsmouth,E06000044,South East,E12000008,12556040.0,191286324.0,177222164.0,1361.303785307116,140517,98786,98720,70.3,41384,57336,41.92,58.08,66,0.07,74.12060301507537
254,Powys,W06000023,Wales,W92000004,15582476.0,63986585.84,87735566.05,619.6047820276942,103270,79515,79469,77.0,36762,42707,46.26,53.74,46,0.06,58.29145728643216
255,Preston,E07000123,North West,E12000002,18278228.0,51385531.0,47461368.0,545.0079652963386,94284,64794,64745,68.72,30227,34518,46.69,53.31,49,0.08,55.27638190954774
256,Purbeck,E07000051,South West,E12000009,7307648.0,8699073.0,13707390.0,238.86740073589985,36418,28736,28720,78.91,11754,16966,40.93,59.07,16,0.06,32.1608040201005
257,Reading,E06000038,South East,E12000008,18445200.0,248093138.0,357711357.0,2404.655701159229,103172,74826,74767,72.53,43385,31382,58.03,41.97,59,0.08,83.66834170854271
258,Redbridge,E09000026,London,E12000007,8899901.0,139522388.69,188832757.48,734.9356504585367,189843,128397,128233,67.63,69213,59020,53.97,46.03,164,0.13,62.06030150753769
259,Redcar and Cleveland,E06000003,North East,E12000001,18253609.0,116608303.0,146318585.0,1126.3346791720196,103529,72741,72714,70.26,24586,48128,33.81,66.19,27,0.04,71.35678391959799
260,Redditch,E07000236,West Midlands,E12000005,543643.0,4414371.0,6421880.0,72.32168485205938,61038,45912,45882,75.22,17303,28579,37.71,62.29,30,0.07,10.050251256281408
261,Reigate and Banstead,E07000211,South East,E12000008,2198773.0,45356317.0,52914854.0,437.2493950699405,103731,81200,81161,78.28,40181,40980,49.51,50.49,39,0.05,50.0
262,Renfrewshire,S12000038,Scotland,S92000003,10420024.88,97791699.88,124589388.5,768.234951215297,127294,88197,88129,69.29,57119,31010,64.81,35.19,68,0.08,64.321608040201
263,Rhondda Cynon Taf,W06000016,Wales,W92000004,10583077.0,80226060.0,106079886.0,464.0294985250737,172890,116645,116563,67.47,53973,62590,46.3,53.7,82,0.07,50.753768844221106
264,Ribble Valley,E07000124,North West,E12000002,4501061.0,25590310.0,34185432.0,554.5269567478547,46148,36466,36442,79.02,15892,20550,43.61,56.39,24,0.07,56.030150753768844
265,Richmond upon Thames,E09000027,London,E12000007,41675687.0,828931967.0,1117325428.0,6249.8640373363905,132632,108876,108806,82.09,75396,33410,69.29,30.71,70,0.06,93.46733668341709
266,Richmondshire,E07000166,Yorkshire and The Humber,E12000003,0.0,4944129.0,3491136.0,134.3732402022069,36794,27652,27636,75.15,11945,15691,43.22,56.78,16,0.06,20.603015075376884
267,Rochdale,E08000005,North West,E12000002,1010580.0,11540287.0,12685611.0,73.68288415985084,156621,103319,103231,65.97,41217,62014,39.93,60.07,88,0.09,10.552763819095478
268,Rochford,E07000075,East,E12000006,3177579.0,15666947.0,21834958.0,235.27830422442142,66589,52479,52447,78.81,17510,34937,33.39,66.61,32,0.06,31.90954773869347
269,Rossendale,E07000125,North West,E12000002,1562810.0,3116439.0,4366546.0,59.079412322274884,52750,38205,38181,72.43,15012,23169,39.32,60.68,24,0.06,8.040201005025125
270,Rother,E07000064,South East,E12000008,1532859.0,16726702.0,25027521.0,229.9045014088379,72755,57715,57669,79.33,23916,33753,41.47,58.53,46,0.08,31.155778894472363
271,Rotherham,E08000018,Yorkshire and The Humber,E12000003,7176629.0,84695782.0,103305607.0,428.57249409228683,197623,137470,137387,69.56,44115,93272,32.11,67.89,83,0.06,49.246231155778894
272,Rugby,E07000220,West Midlands,E12000005,12828654.0,112556996.6,153840376.99,1518.2297179545974,74137,58593,58549,79.03,25350,33199,43.3,56.7,44,0.08,76.13065326633166
273,Runnymede,E07000212,South East,E12000008,43431334.0,467785478.0,753165340.0,8027.620091982427,58272,44326,44294,76.07,20259,24035,45.74,54.26,32,0.07,95.47738693467336
274,Rushcliffe,E07000176,East Midlands,E12000004,7758646.0,45244792.59,61290403.32,523.6605200171293,86401,70470,70410,81.56,40522,29888,57.55,42.45,60,0.09,54.2713567839196
275,Rushmoor,E07000092,South East,E12000008,24687978.0,497188594.0,905851011.0,7557.206171150631,65790,48800,48780,74.18,20384,28396,41.79,58.21,20,0.04,94.72361809045226
276,Rutland,E06000017,East Midlands,E12000004,1817698.0,25613654.0,37219778.0,871.509152773052,29390,22984,22966,78.2,11353,11613,49.43,50.57,18,0.08,66.58291457286433
277,Ryedale,E07000167,Yorkshire and The Humber,E12000003,2379346.0,12886789.0,16832708.0,310.30819427388093,41529,32069,32050,77.22,14340,17710,44.74,55.26,19,0.06,40.7035175879397
278,Salford,E08000006,North West,E12000002,15998794.0,249772025.0,304676542.0,1438.2155895156275,173668,109926,109815,63.3,47430,62385,43.19,56.81,111,0.1,75.12562814070351
279,Sandwell,E08000028,West Midlands,E12000005,2521742.0,33599333.0,45538605.0,151.73862953813637,221429,147418,147254,66.58,49004,98250,33.28,66.72,164,0.11,22.8643216080402
280,Scarborough,E07000168,Yorkshire and The Humber,E12000003,531024.0,13298113.0,11755274.0,160.41149577804583,82900,60539,60511,73.03,22999,37512,38.01,61.99,28,0.05,23.86934673366834
281,Scottish Borders,S12000026,Scotland,S92000003,4328945.95,15729119.95,20393472.95,177.8507457033017,88440,64953,64914,73.44,37952,26962,58.47,41.53,39,0.06,25.376884422110553
282,Sedgemoor,E07000188,South West,E12000009,9911782.0,25177465.0,40387891.0,280.64142720199743,89714,68450,68414,76.3,26545,41869,38.8,61.2,36,0.05,37.688442211055275
283,Sefton,E08000014,North West,E12000002,8909611.0,73865705.0,99639272.0,358.05342271859155,206298,147970,147878,71.73,76702,71176,51.87,48.13,92,0.06,45.47738693467337
284,Selby,E07000169,Yorkshire and The Humber,E12000003,1355495.0,31556780.53,35484986.56,483.42137519531855,65278,51636,51603,79.1,21071,30532,40.83,59.17,33,0.06,52.26130653266332
285,Sevenoaks,E07000111,South East,E12000008,1071047.0,9430342.0,11215326.0,108.08043276448947,87253,70393,70349,80.68,32091,38258,45.62,54.38,44,0.06,16.331658291457288
286,Sheffield,E08000019,Yorkshire and The Humber,E12000003,426731428.0,2315746175.0,3416600123.98,5841.854500184155,396406,266951,266753,67.34,130735,136018,49.01,50.99,198,0.07,92.96482412060301
287,Shepway,E07000112,South East,E12000008,5180394.0,22677592.0,28410172.0,280.38912449461543,80879,60659,60613,75.0,22884,37729,37.75,62.25,46,0.08,37.437185929648244
288,Shetland Islands,S12000027,Scotland,S92000003,2971264.0,12133517.35,16345712.25,698.3319338129497,17375,12231,12222,70.39,6907,5315,56.51,43.49,9,0.07,61.05527638190955
289,Shropshire,E06000051,West Midlands,E12000005,9598222.0,76580145.0,98959440.0,323.41227173674343,236788,183323,183153,77.42,78987,104166,43.13,56.87,170,0.09,41.70854271356784
290,Slough,E06000039,South East,E12000008,6222024.0,90972219.0,118175376.0,1035.2692977365061,87873,54598,54542,62.13,24911,29631,45.67,54.33,56,0.1,70.10050251256281
291,Solihull,E08000029,West Midlands,E12000005,18604820.0,121185854.0,175204781.0,755.4050428549167,160425,122020,121950,76.06,53466,68484,43.84,56.16,70,0.06,63.5678391959799
292,South Antrim,N06000014,Northern Ireland,N92000002,7830192.0,65953841.35,85902000.25,955.6450242700862,69015,43563,43553,63.12,21498,22055,49.36,50.64,10,0.02,68.5929648241206
293,South Ayrshire,S12000028,Scotland,S92000003,7229088.57,55635126.56999999,68377381.12,631.3850670706795,88116,61542,61506,69.84,36265,25241,58.96,41.04,36,0.06,59.2964824120603
294,South Bucks,E07000006,South East,E12000008,1069341.0,20317046.0,23868340.0,389.2601831628156,52194,40755,40724,78.08,20077,20647,49.3,50.7,31,0.08,47.23618090452261
295,South Cambridgeshire,E07000012,East,E12000006,106465000.0,1589243468.0,2033188754.0,13839.967499782288,114830,93250,93189,81.21,56128,37061,60.23,39.77,61,0.07,98.24120603015075
296,South Derbyshire,E07000039,East Midlands,E12000004,996477.0,6889023.0,8012651.0,93.27641626949742,73856,56718,56695,76.8,22479,34216,39.65,60.35,23,0.04,14.321608040201005
297,South Down,N06000015,Northern Ireland,N92000002,158542.0,2933507.0,2092193.0,38.24800187751803,76697,47724,47701,62.22,32076,15625,67.24,32.76,23,0.05,4.522613065326633
298,South Gloucestershire,E06000025,South West,E12000009,33685723.0,452313390.0,784750061.0,2176.7498905160423,207793,158427,158333,76.24,74928,83405,47.32,52.68,94,0.06,82.66331658291458
299,South Hams,E07000044,South West,E12000009,2962067.0,59155188.77,74487137.95,855.8207891957583,69121,55485,55450,80.27,29308,26142,52.85,47.15,35,0.06,66.33165829145729
300,South Holland,E07000140,East Midlands,E12000004,2615031.0,12027271.0,16905900.0,183.06069922832225,65701,49518,49497,75.37,13074,36423,26.41,73.59,21,0.04,25.628140703517587
301,South Kesteven,E07000141,East Midlands,E12000004,796061.0,13164823.0,11650940.0,124.83593312914269,105457,82523,82471,78.25,33047,49424,40.07,59.93,52,0.06,19.09547738693467
302,South Lakeland,E07000031,North West,E12000002,11511557.0,22559274.0,30359235.0,275.28767022990195,81948,65375,65331,79.78,34531,30800,52.86,47.14,44,0.07,36.18090452261306
303,South Lanarkshire,S12000029,Scotland,S92000003,17481929.0,75557604.0,92591348.5,303.50635672366633,248949,162683,162592,65.35,102568,60024,63.08,36.92,91,0.06,39.698492462311556
304,South Norfolk,E07000149,East,E12000006,65221842.0,380367000.0,490475879.0,3714.702866350896,102395,80418,80358,78.54,38817,41541,48.31,51.69,60,0.07,87.68844221105527
305,South Northamptonshire,E07000155,East Midlands,E12000004,3113345.0,35377601.0,50506613.0,496.1169137135565,71309,56664,56624,79.46,25853,30771,45.66,54.34,40,0.07,52.76381909547739
306,South Oxfordshire,E07000179,South East,E12000008,48071926.0,723237689.0,1181137228.0,6938.796413734876,104231,84167,84110,80.75,46245,37865,54.98,45.02,57,0.07,94.47236180904522
307,South Ribble,E07000126,North West,E12000002,5081865.0,21448420.0,33864526.0,253.60836200678705,84573,63755,63724,75.38,26406,37318,41.44,58.56,31,0.05,33.91959798994975
308,South Somerset,E07000189,South West,E12000009,8579797.0,78821383.0,109000302.0,623.1185659512232,126495,99535,99467,78.69,42527,56940,42.75,57.25,68,0.07,58.54271356783919
309,South Staffordshire,E07000196,West Midlands,E12000005,330677.0,6159199.0,5894968.0,71.80478449934131,85777,66739,66692,77.81,23444,43248,35.15,64.85,47,0.07,9.798994974874372
310,South Tyneside,E08000023,North East,E12000001,165697.0,10553203.0,19462534.0,91.05988282294877,115893,79117,79079,68.27,30014,49065,37.95,62.05,38,0.05,13.819095477386934
311,Southampton,E06000045,South East,E12000008,191056578.0,1490524261.26,2001805275.1,9423.499005886037,158171,107775,107665,68.14,49738,57927,46.2,53.8,110,0.1,96.73366834170854
312,Southend-on-Sea,E06000033,East,E12000006,1969396.0,27901725.0,32485872.0,216.5341544049171,128856,93939,93870,72.9,39348,54522,41.92,58.08,69,0.07,30.402010050251256
313,Southwark,E09000028,London,E12000007,80404625.0,540336893.1500001,780376769.49,2758.580182003829,195875,129677,129502,66.2,94293,35209,72.81,27.19,175,0.13,84.92462311557789
314,Spelthorne,E07000213,South East,E12000008,693485.0,17438463.0,19448733.0,239.95463301868617,72674,56638,56609,77.93,22474,34135,39.7,60.3,29,0.05,32.41206030150754
315,St Albans,E07000240,East,E12000006,14936887.0,178667402.0,231367914.0,1703.8823753802726,104859,86524,86445,82.51,54208,32237,62.71,37.29,79,0.09,79.14572864321607
316,St Edmundsbury,E07000204,East,E12000006,1375996.0,8958946.0,10157000.0,110.40254843002909,81148,62255,62210,76.72,26986,35224,43.38,56.62,45,0.07,16.834170854271356
317,St. Helens,E08000013,North West,E12000002,356834.0,1279900.0,1247043.0,9.404391018104867,136096,93721,93679,68.86,39322,54357,41.98,58.02,42,0.04,1.0050251256281406
318,Stafford,E07000197,West Midlands,E12000005,8926155.0,174751716.0,278396453.0,1754.3239368750753,99612,77527,77484,77.83,34098,43386,44.01,55.99,43,0.06,79.64824120603015
319,Staffordshire Moorlands,E07000198,West Midlands,E12000005,1966493.0,9978109.0,12593698.0,125.75281989237148,79347,59793,59760,75.36,21076,38684,35.27,64.73,33,0.06,19.34673366834171
320,Stevenage,E07000243,East,E12000006,8696292.0,96259431.0,145007755.0,1548.6748021108178,62156,45811,45785,73.7,18659,27126,40.75,59.25,26,0.06,76.63316582914572
321,Stirling,S12000030,Scotland,S92000003,54283178.51,268124550.51,364987048.01,4056.3472089258703,66100,48931,48899,74.03,33112,15787,67.72,32.28,32,0.07,89.69849246231156
322,Stockport,E08000007,North West,E12000002,3083906.0,51260425.0,62270611.0,231.7777240213057,221162,163584,163489,73.97,85559,77930,52.33,47.67,95,0.06,31.407035175879397
323,Stockton-on-Tees,E06000004,North East,E12000001,15693808.0,48708354.0,76953760.0,344.26271150502515,141486,100460,100415,71.0,38433,61982,38.27,61.73,45,0.04,43.969849246231156
324,Stoke-on-Trent,E06000021,West Midlands,E12000005,7207176.0,36666434.0,35241800.0,204.8289704485783,179010,117674,117590,65.74,36027,81563,30.64,69.36,84,0.07,28.894472361809044
325,Strangford,N06000016,Northern Ireland,N92000002,15784573.68,49405473.68,69493120.48,752.6503409402518,65642,42123,42110,64.17,18727,23383,44.47,55.53,13,0.03,63.31658291457286
326,Stratford-on-Avon,E07000221,West Midlands,E12000005,2972914.0,42598643.0,55919325.0,434.61794233476854,98014,79217,79158,80.82,38341,40817,48.44,51.56,59,0.07,49.49748743718593
327,Stroud,E07000082,South West,E12000009,5981728.0,73501565.0,89674695.0,793.4877632757933,92631,74128,74064,80.03,40446,33618,54.61,45.39,64,0.09,65.57788944723617
328,Suffolk Coastal,E07000205,East,E12000006,17259519.0,126531309.0,190582795.0,1288.571811192016,98195,79226,79184,80.68,37218,41966,47.0,53.0,42,0.05,73.36683417085428
329,Sunderland,E08000024,North East,E12000001,28654005.0,244906609.0,375761765.0,1181.861920365214,207221,134400,134324,64.86,51930,82394,38.66,61.34,76,0.06,72.1105527638191
330,Surrey Heath,E07000214,South East,E12000008,9751705.0,162579943.0,219387564.0,2479.5245161585503,65569,52330,52305,79.81,25638,26667,49.02,50.98,25,0.05,84.17085427135679
331,Sutton,E09000029,London,E12000007,1832332.0,28687152.0,36802121.0,204.4875684306569,140288,106633,106560,76.01,49319,57241,46.28,53.72,73,0.07,28.64321608040201
332,Swale,E07000113,South East,E12000008,2326012.0,8938029.0,12839957.0,87.44855149742195,102209,75913,75869,74.27,28481,47388,37.54,62.46,44,0.06,12.814070351758794
333,Swansea,W06000011,Wales,W92000004,141466176.0,453903751.77,573064519.95,2624.616208822662,172941,120362,120243,69.6,58307,61936,48.49,51.51,119,0.1,84.42211055276383
334,Swindon,E06000030,South West,E12000009,233861078.0,3164772544.0,4650759004.0,21245.78775510204,148960,113060,112965,75.9,51220,61745,45.34,54.66,95,0.08,98.74371859296483
335,Tameside,E08000008,North West,E12000002,409143.0,5150649.0,4641113.0,30.650050283551625,168047,111016,110947,66.06,43118,67829,38.86,61.14,69,0.06,3.5175879396984926
336,Tamworth,E07000199,West Midlands,E12000005,1201551.0,85299479.0,86973801.0,1501.090699516058,56825,42151,42129,74.18,13705,28424,32.53,67.47,22,0.05,75.62814070351759
337,Tandridge,E07000215,South East,E12000008,1121946.0,17100072.0,22547352.0,267.0050590219224,64044,51466,51420,80.36,24251,27169,47.16,52.84,46,0.09,35.678391959798994
338,Taunton Deane,E07000190,South West,E12000009,9802205.0,23373723.0,29020052.0,277.7163989354118,84164,65786,65733,78.16,30944,34789,47.08,52.92,53,0.08,36.93467336683417
339,Teignbridge,E07000045,South West,E12000009,186249.0,21068510.0,26526587.0,203.08955080007712,103740,82369,82312,79.4,37949,44363,46.1,53.9,57,0.07,28.14070351758794
340,Telford and Wrekin,E06000020,West Midlands,E12000005,2625105.0,48872276.0,60579042.0,393.05985298138944,124338,89704,89603,72.15,32954,56649,36.78,63.22,101,0.11,47.48743718592965
341,Tendring,E07000076,East,E12000006,6869772.0,32424391.0,44125066.0,291.6728075777884,111167,82703,82657,74.4,25210,57447,30.5,69.5,46,0.06,38.94472361809045
342,Test Valley,E07000093,South East,E12000008,10809186.0,151614206.0,176163489.0,1603.3820789136942,94559,75316,75261,79.65,36170,39091,48.06,51.94,55,0.07,77.8894472361809
343,Tewkesbury,E07000083,South West,E12000009,8096300.0,146728039.3,225929026.49,2163.1413262372657,67831,53686,53652,79.15,25084,28568,46.75,53.25,34,0.06,82.1608040201005
344,Thanet,E07000114,South East,E12000008,1742903.0,11401992.0,14332497.0,115.0461314929168,99108,72146,72102,72.8,26065,46037,36.15,63.85,44,0.06,17.587939698492463
345,Three Rivers,E07000102,East,E12000006,2042159.0,34218031.0,44887010.0,507.8366132383497,67380,52896,52848,78.5,25751,27097,48.73,51.27,48,0.09,53.266331658291456
346,Thurrock,E06000034,East,E12000006,5110651.0,5491634.0,8965481.0,49.97073623483808,109897,79950,79916,72.75,22151,57765,27.72,72.28,34,0.04,6.28140703517588
347,Tonbridge and Malling,E07000115,South East,E12000008,5393705.0,47465171.53,59174313.56,510.27393898020836,93019,74066,74021,79.62,32792,41229,44.3,55.7,45,0.06,53.517587939698494
348,Torbay,E06000027,South West,E12000009,9026067.0,118243659.0,135719424.0,1148.431532327775,102961,75868,75824,73.69,27935,47889,36.84,63.16,44,0.06,71.60804020100502
349,Torfaen,W06000020,Wales,W92000004,13092891.0,35672805.0,45726135.0,517.3195614658409,68957,48172,48144,69.86,19363,28781,40.22,59.78,28,0.06,53.768844221105525
350,Torridge,E07000046,South West,E12000009,265916.0,1199400.0,1319889.0,22.68111419980712,52881,41462,41429,78.41,16229,25200,39.17,60.83,33,0.08,2.512562814070352
351,Tower Hamlets,E09000030,London,E12000007,116959584.0,1154411984.69,1492631112.74,6878.870126862114,167820,108420,108235,64.6,73011,35224,67.46,32.54,185,0.17,94.22110552763819
352,Trafford,E08000009,North West,E12000002,37322887.0,114923331.0,167474358.0,695.2661984101056,165294,125400,125311,75.86,72293,53018,57.69,42.31,89,0.07,60.80402010050251
353,Tunbridge Wells,E07000116,South East,E12000008,77831.0,5086964.0,1622585.0,61.89951448631678,82181,65039,64996,79.14,35676,29320,54.89,45.11,43,0.07,8.793969849246231
354,Upper Bann,N06000017,Northern Ireland,N92000002,3614106.0,39209135.0,47956357.0,481.27674330113297,81469,51845,51812,63.64,24550,27262,47.38,52.62,33,0.06,51.75879396984924
355,Uttlesford,E07000077,East,E12000006,2313956.0,33810347.0,47051450.0,522.2885147138334,64735,51972,51943,80.28,25619,26324,49.32,50.68,29,0.06,54.02010050251256
356,Vale of Glamorgan,W06000014,Wales,W92000004,3707380.0,26232809.0,12020216.0,276.10286177389986,95011,72348,72309,76.15,36681,35628,50.73,49.27,39,0.05,36.4321608040201
357,Vale of White Horse,E07000180,South East,E12000008,23693388.0,899771598.52,1643098125.53,9522.702578344113,94487,76706,76654,81.18,43462,33192,56.7,43.3,52,0.07,96.98492462311557
358,Wakefield,E08000036,Yorkshire and The Humber,E12000003,4199804.0,65400827.0,86096762.0,265.75331171575317,246096,175155,175042,71.17,58877,116165,33.64,66.36,113,0.06,35.42713567839196
359,Walsall,E08000030,West Midlands,E12000005,1651950.0,27732618.0,33797681.0,142.41647623106985,194729,135685,135579,69.68,43572,92007,32.14,67.86,106,0.08,21.105527638190956
360,Waltham Forest,E09000031,London,E12000007,198351.0,9578630.0,7412490.0,58.770730689703825,162983,108689,108551,66.69,64156,44395,59.1,40.9,138,0.13,7.788944723618091
361,Wandsworth,E09000032,London,E12000007,20919080.0,344974524.0,470419223.0,1571.487575220594,219521,158018,157884,71.98,118463,39421,75.03,24.97,134,0.08,77.38693467336684
362,Warrington,E06000007,North West,E12000002,14314715.0,257158263.0,403663211.0,1637.5126590338891,157042,115205,115144,73.36,52657,62487,45.73,54.27,61,0.05,78.89447236180905
363,Warwick,E07000222,West Midlands,E12000005,19192211.0,229216571.37,274457395.62,2223.2666793082376,103099,81680,81618,79.22,47976,33642,58.78,41.22,62,0.08,82.91457286432161
364,Watford,E07000103,East,E12000006,3536333.0,50593318.0,57895305.0,777.6409160774671,65060,46635,46586,71.68,23167,23419,49.73,50.27,49,0.11,64.82412060301507
365,Waveney,E07000206,East,E12000006,7863388.0,24986535.0,38111207.0,276.427243862774,90391,65687,65646,72.67,24356,41290,37.1,62.9,41,0.06,36.68341708542714
366,Waverley,E07000216,South East,E12000008,1942874.0,99277805.0,132322616.0,1075.7040773206488,92291,75999,75942,82.35,44341,31601,58.39,41.61,57,0.08,70.60301507537689
367,Wealden,E07000065,South East,E12000008,1755930.0,43106935.0,64600116.0,355.84100345877937,121141,96944,96892,80.03,44084,52808,45.5,54.5,52,0.05,45.22613065326633
368,Wellingborough,E07000156,East Midlands,E12000004,737271.0,18621563.0,22633513.0,341.22925676170934,54572,41178,41141,75.46,15462,25679,37.58,62.42,37,0.09,43.71859296482412
369,Welwyn Hatfield,E07000241,East,E12000006,34522674.0,255865337.0,310830621.0,3274.196209658844,78146,58641,58610,75.04,27550,31060,47.01,52.99,31,0.05,86.4321608040201
370,West Berkshire,E06000037,South East,E12000008,9284246.0,186585958.0,284951059.0,1598.070848000548,116757,93345,93277,79.95,48300,44977,51.78,48.22,68,0.07,77.63819095477388
371,West Devon,E07000047,South West,E12000009,0.0,1770468.0,0.0,40.400428998471114,43823,35612,35595,81.26,16658,18937,46.8,53.2,17,0.05,5.276381909547739
372,West Dorset,E07000052,South West,E12000009,6684932.0,26083058.0,30977127.0,317.8108954441886,82071,65237,65191,79.49,31924,33267,48.97,51.03,46,0.07,41.20603015075377
373,West Dunbartonshire,S12000039,Scotland,S92000003,5678078.75,27734940.75,33091961.5,410.31053702196914,67595,43245,43220,63.98,26794,16426,61.99,38.01,25,0.06,48.743718592964825
374,West Lancashire,E07000127,North West,E12000002,2586078.0,26261540.0,30348642.0,305.95731295290915,85834,63918,63869,74.47,28546,35323,44.69,55.31,49,0.08,39.949748743718594
375,West Lindsey,E07000142,East Midlands,E12000004,447257.0,44179594.0,72026897.0,601.0910896746894,73499,54781,54753,74.53,20906,33847,38.18,61.82,28,0.05,57.28643216080402
376,West Lothian,S12000040,Scotland,S92000003,9511006.510000002,101985559.51,121882497.78,778.9616918846667,130925,88556,88508,67.64,51560,36948,58.25,41.75,48,0.05,65.07537688442211
377,West Oxfordshire,E07000181,South East,E12000008,1419373.0,18435713.0,19807035.0,223.6231122863624,82441,65719,65671,79.72,35236,30435,53.66,46.34,48,0.07,30.90452261306533
378,West Somerset,E07000191,South West,E12000009,1171464.0,4146701.0,4401425.0,150.90985515685273,27478,21753,21734,79.17,8566,13168,39.41,60.59,19,0.09,22.36180904522613
379,West Tyrone,N06000018,Northern Ireland,N92000002,8236937.48,20668233.48,17617839.72,318.26170647202844,64941,40061,40039,61.69,26765,13274,66.85,33.15,22,0.05,41.45728643216081
380,Westminster,E09000033,London,E12000007,933410444.0,7856177005.0,10714071962.0,65183.50706083437,120524,78325,78196,64.99,53928,24268,68.97,31.03,129,0.16,99.74874371859296
381,Weymouth and Portland,E07000053,South West,E12000009,864192.0,7199715.0,8630217.0,142.7325443083145,50442,38271,38255,75.87,14903,23352,38.96,61.04,16,0.04,21.35678391959799
382,Wigan,E08000010,North West,E12000002,1779344.0,23590662.0,28343712.0,99.96805688569465,235982,163381,163273,69.23,58942,104331,36.1,63.9,108,0.07,15.326633165829145
383,Wiltshire,E06000054,South West,E12000009,24646918.0,164518597.0,197119530.0,448.8237699663079,366555,289102,288895,78.87,137258,151637,47.51,52.49,207,0.07,50.25125628140704
384,Winchester,E07000094,South East,E12000008,8242969.0,135068039.0,409343323.0,1507.539918522239,89595,72801,72764,81.26,42878,29886,58.93,41.07,37,0.05,75.87939698492463
385,Windsor and Maidenhead,E06000040,South East,E12000008,23211251.0,200247976.0,332318468.0,1950.4989626454972,102665,81855,81792,79.73,44086,37706,53.9,46.1,63,0.08,81.15577889447236
386,Wirral,E08000015,North West,E12000002,1006081.0,19714408.0,40188308.0,81.27373767355958,242568,172137,172000,70.96,88931,83069,51.7,48.3,137,0.08,12.06030150753769
387,Woking,E07000217,South East,E12000008,3631991.0,43697185.0,51601612.0,612.7520227728464,71313,55261,55221,77.49,31007,24214,56.15,43.85,40,0.07,58.040201005025125
388,Wokingham,E06000041,South East,E12000008,101093577.0,1133811400.0,1591275461.0,9301.84673191622,121891,97551,97501,80.03,55272,42229,56.69,43.31,50,0.05,96.48241206030151
389,Wolverhampton,E08000031,West Midlands,E12000005,23896211.0,135864354.0,136635949.0,777.4339322499428,174760,118037,117936,67.54,44138,73798,37.43,62.57,101,0.09,64.57286432160804
390,Worcester,E07000237,West Midlands,E12000005,11538868.0,26567134.0,38704379.0,361.3789379182763,73516,54290,54239,73.85,25125,29114,46.32,53.68,51,0.09,45.97989949748744
391,Worthing,E07000229,South East,E12000008,199997.0,5710384.0,399997.0,70.1659294210164,81384,61416,61366,75.46,28851,32515,47.01,52.99,50,0.08,9.547738693467336
392,Wrexham,W06000006,Wales,W92000004,11195568.0,62045421.0,69534554.0,630.6454403154985,98384,70407,70366,71.56,28822,41544,40.96,59.04,41,0.06,59.04522613065327
393,Wychavon,E07000238,West Midlands,E12000005,6432920.0,83933184.0,128227357.0,888.2100384139178,94497,76425,76389,80.88,32188,44201,42.14,57.86,36,0.05,67.58793969849246
394,Wycombe,E07000007,South East,E12000008,10977077.0,134951183.0,286137705.0,1077.3685374421204,125260,94869,94790,75.74,49261,45529,51.97,48.03,79,0.08,70.85427135678393
395,Wyre,E07000128,North West,E12000002,285366.0,6984599.0,7652317.0,82.68635389660356,84471,63028,62979,74.61,22816,40163,36.23,63.77,49,0.08,12.311557788944723
396,Wyre Forest,E07000239,West Midlands,E12000005,37942.0,427859.0,54204.0,5.493964919489458,77878,57666,57632,74.05,21240,36392,36.85,63.15,34,0.06,0.5025125628140703
397,York,E06000014,Yorkshire and The Humber,E12000003,98110983.62,682954515.42,867503490.36,4401.699668207041,155157,109681,109600,70.69,63617,45983,58.04,41.96,81,0.07,90.20100502512562
